{"cameraMode":{"drawMode":0,"name":"Shaded","section":"Shading Mode"},"sceneLighting":true,"audioPlay":false,"sceneViewState":{"m_AlwaysRefresh":false,"showFog":true,"showSkybox":true,"showFlares":true,"showImageEffects":true,"showParticleSystems":true,"showVisualEffectGraphs":true,"m_FxEnabled":true},"in2DMode":false,"pivot":{"x":307.30230712890627,"y":288.9102478027344,"z":283.9036865234375},"rotation":{"x":0.08091005682945252,"y":-0.005980375222861767,"z":0.0004854863218497485,"w":0.9967039823532105},"size":354.8397216796875,"orthographic":false}