{"cameraMode":{"drawMode":0,"name":"Shaded","section":"Shading Mode"},"sceneLighting":true,"audioPlay":false,"sceneViewState":{"m_AlwaysRefresh":false,"showFog":true,"showSkybox":true,"showFlares":true,"showImageEffects":true,"showParticleSystems":true,"showVisualEffectGraphs":true,"m_FxEnabled":true},"in2DMode":false,"pivot":{"x":-0.07168769836425781,"y":0.08304405212402344,"z":0.01538848876953125},"rotation":{"x":-0.08949141204357147,"y":0.8975133299827576,"z":-0.2142309993505478,"w":-0.374920517206192},"size":3.1603922843933107,"orthographic":false}